"Date","Chem_Depth_m","Cmax_SRP_ugL","Cmax_DIN_ugL","Cmax_DOC_mgL","SRPmax_depth_m","SRPmax_ugL","DINmax_depth_m","DINmax_ugL","DOCmax_depth_m","DOCmax_mgL"
"2016-04-25","6.2","5","11","1.6","1.6","6","9","33","1.6","1.8"
"2016-05-02","6.2","5","17","1.7","3.8","8","9","46",NA,NA
"2016-05-09","5","7","6","1.7",NA,NA,"8","45","0.1","1.9"
"2016-05-16","6.2","9","16","1.3","0.1","12","6.2","16","3.8","1.7"
"2016-05-23","6.2",NA,NA,"1.4","3.8","16","0.1","24",NA,NA
"2016-05-30","5","12","9","1.7",NA,NA,"1.6","52","5","1.7"
"2016-06-06","3.8","7","17","1.6","5","15","0.1","19","0.1","1.9"
"2016-06-13","5","12","9","1.8","3.8","14","8","16","0.1","2.1"
"2016-06-20","3.8","14","10","2.2","3.8","14","9","30","3.8","2.2"
"2016-06-27","5","4","10","1.6",NA,NA,NA,NA,"3.8","2.1"
"2016-07-05","3.8","7","14","1.8","1.6","10","8","55","0.1","2"
"2016-07-11","3.8","11","12","1.7","0.1","12","9","55","0.1","2"
"2016-07-18","3.8","9","4","1.6",NA,NA,"9","25","1.6","2.1"
"2016-07-25","6.2","7","93","2.5","3.8","13","6.2","93","0.1","3.7"
"2016-08-01","6.2","13","5","2.1","5","14","9","26","3.8","2.4"
"2016-08-08","5","13","16","2.5","5","13","9","40","3.8","4.1"
"2016-08-15","5","7","72","1.8",NA,NA,"9","175","8","3.3"
"2016-08-26","3.8","10","19","2.9","0.1","16","8","318","6.2","14.8"
"2016-09-02","3.8","11","9","2.1","1.6","12","8","283","5","2.4"
"2016-09-09","3.8","13","12","7.3","3.8","13","9","349","3.8","7.3"
"2016-09-20","5","12","8","3.2","9","14","8","259","5","3.2"
"2016-09-30","1.6","9","33","3.4","6.2","11","9","346","6.2","11.9"
"2016-10-07","0.1","12","40","3.6","0.1","12","9","92","0.1","3.6"
"2017-05-01","0.1","8","19","2.9","0.1","8","0.1","19","0.1","2.9"
"2017-05-08","9","2","19","2.5","3.8","11","8","25","5","3.7"
"2017-05-15","8","6","24","2.5","3.8","12","9","26","6.2","2.8"
"2017-05-22","5","3","19","2.3","6.2","11",NA,NA,"3.8","2.5"
"2017-05-29","3.8","9","8","2.4","3.8","9","9","61","8","3.7"
"2017-06-05","5","4","24","3.7",NA,NA,"9","83","5","3.7"
"2017-06-12","5","5","15","2.5",NA,NA,NA,NA,NA,NA
"2017-06-19","1.6","8","14","2.7","1.6","8","9","42","9","2.8"
"2017-06-26","3.8","5","12","2.5","1.6","9","9","63","1.6","3.2"
"2017-07-05","3.8","12","14","3.1",NA,NA,"9","92","0.1","3.9"
"2017-07-10","3.8","9","7","2.9","0.1","20","9","124","0.1","4.4"
"2017-07-17","1.6","16","48","4.7","0.1","18","8","171","1.6","4.7"
"2017-07-24","1.6","16","20","6.5","0.1","18","9","195","0.1","6.9"
"2017-07-31","1.6","16","89","5.9","1.6","16","9","281","1.6","5.9"
"2017-08-07","5","9","96","2","1.6","12","8","358","0.1","3.6"
"2017-08-14","5","7","146","2.1",NA,NA,"9","377","0.1","3.7"
"2017-08-21","5","7","164","2.5",NA,NA,"8","359","0.1","3.6"
"2017-08-28","5","6","6","2","1.6","9","8","401","6.2","6.7"
"2017-09-04","5","7","111","2.6","0.1","8","8","419","0.1","3.4"
"2017-09-11","5","9","140","2.4","0.1","10","6.2","298","1.6","3.5"
"2017-09-18","5","5","16","2.7",NA,NA,"8","509","0.1","3.4"
"2017-09-25","5","8","69","1.9","5","8","9","393","1.6","3.2"
"2018-05-07","3.8","8","12","3.3","0.1","11","8","56","6.2","3.5"
"2018-05-14","3.8","10","13","3.4","9","13","6.2","88",NA,NA
"2018-05-21","1.6","10","15","4.1","6.2","12","8","82","0.1","4.4"
"2018-05-28","1.6","11","23","3.6","0.1","13","0.1","55","0.1","4.5"
"2018-06-04","3.8","5","15","3.2","1.6","8","6.2","22",NA,NA
"2018-06-11","5","8","17","3.3",NA,NA,"0.1","18","0.1","3.9"
"2018-06-18","1.6","11","39","3.5","1.6","11","1.6","39","1.6","3.5"
"2018-06-25","1.6","8","18","3.4","6.2","10","6.2","28","0.1","3.8"
"2018-07-02","1.6","6","34","4.1","9","8","9","38","0.1","4.5"
"2018-07-09","3.8","4","15","3.3","8","8","0.1","19","1.6","4.4"
"2018-07-16","5","8","26","2.8","6.2","11","6.2","41","1.6","4.2"
"2018-07-23","0.1","9","22","4.9","0.1","9",NA,NA,"9.5","6.5"
"2018-07-30","1.6","8","18","5.6",NA,NA,"9","126","1.6","5.6"
"2018-08-06","1.6","10","24","5.6","1.6","10","9","334",NA,NA
"2018-08-13","1.6","7","20","5.2","0.1","10","9","208","0.1","5.3"
"2018-08-20","3.8","7","9","4.2","1.6","9","9","430","0.1","5.3"
"2018-08-27","3.8","8","9","4.1","0.1","10","9.5","962","0.1","5.9"
"2018-09-03","3.8","8","13","5.4","1.6","15","8","378","0.1","10.5"
"2018-09-10","3.8","5","13","4.2",NA,NA,"9","336","1.6","5.4"
"2018-09-17","0.1","10","36","5.1",NA,NA,"9","240","3.8","5.5"
"2019-03-18","1.6","9","8","1.6","9","10","8","61","5","2.4"
"2019-04-01","6.2","3","13","3.5","1.6","11","9","81","6.2","3.5"
"2019-04-15","3.8","6","14","2.8","1.6","18","8","73","0.1","4.9"
"2019-04-22","3.8","2","12","2.3","1.6","17","9","92","0.1","5.8"
"2019-04-29","6.2","0","20","1.8","1.6","12","8","82","0.1","3.1"
"2019-05-06","6.2","3","48","0.8","1.6","10","9","191","3.8","4.1"
"2019-05-13","3.8","5","20","0.8","1.6","10","9","311","8","3"
"2019-05-20","3.8","4","29","2.2","1.6","12","9","64","8","4.4"
"2019-05-27","5","4","9","1.4","1.6","8","9","26","0.1","2.6"
"2019-06-03","5","4","18","3.8","1.6","10","9","27","8","4.4"
"2019-06-10","0.1","6","16","5","1.6","11","6.2","63","0.1","5"
"2019-06-17","3.8","4","10","1.5","1.6","12","9","30","0.1","2.8"
"2019-06-24","3.8",NA,NA,"1.2","1.6","12","9","215","1.6","3"
"2019-07-01","3.8","7","12","5","1.6","11","9","424","9","5.1"
"2019-07-08","1.6","11","13","3.6","1.6","11","8","175","1.6","3.6"
"2019-07-15","0.1",NA,NA,"3.6","1.6","13","9","153","3.8","5.4"
"2019-07-22","0.1","10","11","5.5","1.6","13","9","343","0.1","5.5"
"2019-07-29","3.8","6","17","3.7","1.6","14","9","725",NA,NA
"2019-08-05","1.6","11","11","4.7","1.6","11","9","713","0.1","6.6"
"2019-08-12","1.6","13","21","4.8","1.6","13","8","375","1.6","4.8"
"2019-08-19","1.6","13","17","6.2","1.6","13","9","429","1.6","6.2"
"2019-08-28","3.8","9","27","2.6","9","10","9","1063","1.6","5.3"
"2019-09-02","3.8","12","24",NA,"3.8","12","9","1653",NA,NA
"2019-09-11","3.8","3","43","2.4","6.2","8","9","689","0.1","5.2"
"2019-09-27","3.8","4","109","2.5","5","12","8","1006","0.1","5"
"2019-10-04","5","4","823","1.9","1.6","13","9","1095",NA,NA
"2019-10-11","1.6","9","14","5.6",NA,NA,"9","1153","1.6","5.6"
"2019-10-16","0.1","5","48","4.3","6.2","8","8","1188","1.6","5.2"
"2019-10-23","1.6","5","66","3.8","3.8","7","9","1173","3.8","5"
"2019-10-30","0.1","11","9","7","0.1","11","9","538","0.1","7"
"2019-11-08","1.6","4","73","3.4","9","9","0.1","99","8","4.9"
"2019-11-20","5","7","13","3.6","9","12","5","13","9","5.7"
