"Date","Year","HOx","EM1","EM2","EM3","Chem_Depth_m","Cmax_SRP_ugL","Cmax_DIN_ugL","Cmax_DOC_mgL","SRPmax_depth_m","SRPmax_ugL","DINmax_depth_m","DINmax_ugL","DOCmax_depth_m","DOCmax_mgL","Temp_Depth_m","Temp_C","schmidt.stability","thermo.depth","Kd","perc_light_thermocline","shannon","richness","braycurtis","jaccard","BV_Bacillaria","BV_Chlorophytes","BV_Chrysophytes","BV_Cryptophytes","BV_Cyanobacteria","BV_Desmids","BV_Dinoflagellates","BV_Euglenoids","BV_Raphids","rel_abund_Bacillaria","rel_abund_Chlorophytes","rel_abund_Chrysophytes","rel_abund_Cryptophytes","rel_abund_Cyanobacteria","rel_abund_Desmids","rel_abund_Dinoflagellates","rel_abund_Euglenoids","rel_abund_Raphids","BV_TOTAL","Phyto_Depth_m"
2016-04-25,2016,1,0,1,0,6.2,5,11,1.6,1.6,6,9,33,1.6,1.8,6.2,9.1,13.0039894057144,3.31938825395016,0.788253033165957,6.45683151718357,2.13130748701204,12,NA,NA,30833.8282278327,36903.2733227065,8910.05952876122,9153.37269281586,12136.5291619646,0,986.960440108936,0,0,0.311692015509728,0.373046627744974,0.0900697244698393,0.0925293207919004,0.122685357388437,0,0.00997695409512067,0,0,98924.0233741898,5
2016-05-02,2016,1,0,1,0,6.2,5,17,1.7,3.8,8,9,46,NA,NA,5.9,9.6,20.0167575088101,3.05580212194591,0.677543744393727,11.3644524236984,2.10867943876525,13,0.598742421578452,0.0769230769230769,157851.609385738,40211.5698583707,42808.2667744009,67673.2982841155,7537.68189826716,0,31413.6714155043,0,0,0.454254336864501,0.115718047293758,0.123190640320966,0.194745491383389,0.0216914145222662,0,0.0904000696151185,0,0,347496.097616397,6.2
2016-05-09,2016,1,0,1,0,5,7,6,1.7,NA,NA,8,45,0.1,1.9,4.7,12,13.5938465924251,4.21465340248426,0.745579127755567,9.15249134427217,1.85479827555385,12,0.569327447084577,0.214285714285714,5543.98703574669,35177.0964461009,36365.9443210074,30902.7849977098,94204.7289362148,0,12840.9681443912,0,0,0.0257817280448718,0.1635873836165,0.169115995498154,0.143710148220574,0.438089174147436,0,0.0597155704724636,0,0,215035.509881171,5
2016-05-16,2016,1,0,1,0,6.2,9,16,1.3,0.1,12,6.2,16,3.8,1.7,5.608,10.1831,12.6082799680227,3.42121338205086,0.716024095400322,10.4810495626822,1.97051693615006,9,0.403824983466391,0.5,1458.53639961831,20776.8132729518,56442.1366325161,12542.2234878227,38661.9601880071,0,7895.68352087149,0,0,0.0105861838868852,0.150799915551305,0.409661930629142,0.0910325475780022,0.280611865487063,0,0.0573075568676027,0,0,137777.353501787,5
2016-05-23,2016,1,0,1,0,6.2,NA,NA,1.4,3.8,16,0.1,24,NA,NA,5.842,10.3896,13.3449971763047,3.29424610277806,0.907754263913134,15.5263157894737,1.20829449554427,12,0.713068675990398,0.25,10354.6869821248,16881.2086836318,364969.74608195,56837.5267549158,75588.4214733264,0,3084.25137534042,0,0,0.0196217095844805,0.0319892020683047,0.691602785975487,0.107704795462224,0.143236976323796,0,0.00584453058570834,0,0,527715.841351289,6
2016-05-30,2016,1,1,1,1,5,12,9,1.7,NA,NA,1.6,52,5,1.7,5.408,10.7166,26.084392676875,3.80345973213649,0.879383833483033,3.12050739957717,1.78221606235577,11,0.576852335328104,0.0833333333333333,2468.29236858484,29474.7827101674,56412.802933577,12801.962986475,140964.997359617,0,14412.9439270716,0,0,0.00962162995974549,0.114895405418982,0.219902278079853,0.0499032254776372,0.549494484175857,0,0.0561829768879251,0,0,256535.782285492,6.2
2016-06-06,2016,1,1,1,1,3.8,7,17,1.6,5,15,0.1,19,0.1,1.9,3.681,16.5932,35.6912306974633,2.1859422217958,1.04297440839534,3.17073170731707,1.24454278418438,10,0.70719353326667,0.25,12566.3706143592,48289.9387286225,28786.346169844,22393.1880720704,729758.549416547,0,226499.710376562,0,0,0.0117630253453835,0.0452028505782509,0.0269460872982636,0.0209616321959111,0.683106409657238,0,0.212019994924953,0,0,1068294.10337801,3.8
2016-06-13,2016,1,1,1,1,5,12,9,1.8,3.8,14,8,16,0.1,2.1,4.825,14.3834,29.4337089392902,3.92312293262218,0.789965718097909,6.275,1.89697419573205,10,0.663590889910463,0.333333333333333,3470.57946695944,38805.9822656137,13049.8102636626,22098.6611043141,119838.792805611,0,26513.9002182351,0,0,0.015509047871146,0.173413069020292,0.0583159481047205,0.0987527288217672,0.535526010032801,0,0.118483196149273,0,0,223777.726124395,5
2016-06-20,2016,1,0,1,1,3.8,14,10,2.2,3.8,14,9,30,3.8,2.2,4.212,16.6538,32.1920958182945,3.38342222196581,0.903609078698925,3.30082041932543,1.78897778395619,10,0.514344852122601,0.181818181818182,1887.5176936237,15447.7088679095,2064.23098584875,13393.3112011515,18457.611642449,0,20755.4494718477,0,0,0.0262134010151593,0.214534141156863,0.0286675535825512,0.186003150393038,0.256334961733105,0,0.288246792119284,0,0,72005.8298628301,3.8
2016-06-27,2016,1,1,1,2,5,4,10,1.6,NA,NA,NA,NA,3.8,2.1,4.596,15.412,28.6585887306476,3.40852224468792,NA,NA,2.10777982085003,15,0.600316754665761,0.4375,49554.2212449153,55836.1080297485,0,33483.3563970676,77004.7611090723,0,10527.5780278286,0,0,0.218873244591439,0.246619355986412,0,0.147890748160828,0.340117985703605,0,0.0464986655577163,0,0,226406.024808632,5
2016-07-05,2016,1,1,1,2,3.8,7,14,1.8,1.6,10,8,55,0.1,2,3.052,21.2015,20.6349888674142,5.30840317472779,0.682609249779058,4.68571428571429,1.55080155315779,7,0.468239875229115,0.625,0,25212.7397606635,14804.406601634,34275.0099797268,31829.0458252666,0,0,0,0,0,0.23758437753954,0.139504701221685,0.322979850206514,0.29993107103226,0,0,0,0,106121.202167291,3.8
2016-07-11,2016,1,1,1,2,3.8,11,12,1.7,0.1,12,9,55,0.1,2,NA,NA,NA,NA,NA,NA,2.01872475771498,12,0.559271346807824,0.416666666666667,0,41786.8940851504,5263.78901391432,49904.0097200415,148810.122008677,0,45130.4110580479,41260.4295101097,0,0,0.12580515612579,0.0158473562873397,0.15024284220166,0.448013211851806,0,0.135871270968579,0.124220162564825,0,332155.655395941,3.8
2016-07-18,2016,1,0,1,2,3.8,9,4,1.6,NA,NA,9,25,1.6,2.1,3.484,21.2782,35.9975719151826,2.62452075639383,1.08293183454191,8.96385542168675,1.98812259369594,14,0.364769364908382,0.470588235294118,20046.6739973937,49557.5591899955,8138.99668492612,71865.5244465321,217336.824481726,0,126330.936333944,14256.095246018,0,0.0394982974244023,0.0976440886287848,0.0160364014419166,0.141597846082539,0.42822238421049,0,0.248911959054658,0.0280890231572098,0,507532.610380536,3.8
2016-07-25,2016,1,1,1,3,6.2,7,93,2.5,3.8,13,6.2,93,0.1,3.7,6.208,13.7139,42.0594127402525,2.67111384681078,1.13864988399018,7.52032520325203,1.30360849899952,10,0.588612492645041,0.736842105263158,24424.2316098174,21384.1428690269,32508.0094960881,463720.050070743,253608.101407294,0,21418.4123287529,0,0,0.0298927171720707,0.0261719649961899,0.0397864198644002,0.567545072665106,0.310389918054447,0,0.0262139072477863,0,0,817062.947781722,6
2016-08-01,2016,1,1,1,3,6.2,13,5,2.1,5,14,9,26,3.8,2.4,6.387,15.4454,24.7769774774788,5.54655917530739,1.11335165820163,1.10032362459547,0.1924557984322,12,0.759088602987719,0.705882352941176,2427.90091972503,3117.79235999595,0,2943424.55317809,19102.035940529,0,0,89561.1258206222,0,0.000794045784952115,0.00101967500473251,0,0.962647956836854,0.00624732706320596,0,0,0.0292909953102556,0,3057633.40821896,6.2
2016-08-08,2016,1,1,1,3,5,13,16,2.5,5,13,9,40,3.8,4.1,4.951,21.9317,18.4244614969733,5.48885985167982,0.837605087741998,1.19214586255259,0.311260419103124,12,0.0164745685395761,0.5,42853.7228175502,3675.20057165431,0,2931760.94641661,43768.1801355433,0,5924.60921674376,86275.9074330352,0,0.0137604896643049,0.00118012056258937,0,0.941399335902192,0.0140541253077299,0,0.00190241403854556,0.0277035145246378,0,3114258.56659114,5
2016-08-15,2016,1,0,1,3,5,7,72,1.8,NA,NA,9,175,8,3.3,5.07,21.3286,27.7613546813275,5.43240902648035,0.964447961434668,1.79007633587786,0.976777886595293,16,0.491958698600505,0.444444444444444,140581.618540736,42748.7257848872,0,987482.390341686,38178.6824414415,16607.5074056792,17431.0499729163,60630.5825921622,0,0.107836060374236,0.0327913010428527,0,0.757468947709723,0.02928575405163,0.0127391346738937,0.0133708501636083,0.0465079519840565,0,1303660.55707951,5
2016-08-26,2016,1,0,1,3,3.8,10,19,2.9,0.1,16,8,318,6.2,14.8,3.43,25.3769,31.4382592740269,4.98665781709335,1.01805850834175,0.957415565345081,1.88548517698564,15,0.732967247852069,0.45,265642.705363014,38135.1073296029,0,82038.0404098574,438892.075190266,14393.173084922,149522.752080166,0,0,0.268699469908497,0.0385739300101054,0,0.082982056444339,0.443942429322527,0.0145587960826357,0.151243318231896,0,0,988623.853457828,3.8
2016-09-02,2016,1,0,1,3,3.8,11,9,2.1,1.6,12,8,283,5,2.4,4.098,23.2067,19.7320586437909,5.16804251989714,1.42833816619588,1.52910052910053,1.18034605331778,13,0.740160363162873,0.526315789473684,69774.3084333966,17451.7223654679,0,4926.16629669372,246274.045374961,0,5373.45128503754,23131.8853150532,0,0.19015618282331,0.0475612440054107,0,0.0134252993682666,0.671171573727017,0,0.0146442868140371,0.0630414132619582,0,366931.57907061,3.8
2016-09-09,2016,1,0,1,3,3.8,13,12,7.3,3.8,13,9,349,3.8,7.3,3.526,23.737,22.4395133928007,4.86562253639333,1.47150445521055,0.240343347639485,1.92030373679034,12,0.521749409350881,0.611111111111111,72287.1416095412,288290.980062413,0,143407.408115412,225138.356088947,45132.8784591482,56798.2025498802,0,0,0.0869823832236532,0.346897607919823,0,0.172560677487892,0.270906696981463,0.0543079342011502,0.0683447001860185,0,0,831054.966885341,3.8
2016-09-20,2016,1,0,1,3,5,12,8,3.2,9,14,8,259,5,3.2,5,21.5,12.4352061870004,5.39468990707329,0.914123396636789,0.291457286432161,2.03803827811904,12,0.741395186510805,0.588235294117647,31696.9530226268,14570.5443120195,308.425137534042,38570.0941511664,43739.3965530395,0,43372.2849657247,34269.4597260047,0,0.153475956139714,0.0705502581956991,0.00149338779808802,0.186755555779238,0.211785205415797,0,0.210007659106128,0.165931977565336,0,206527.157868116,5
2016-09-30,2016,1,0,1,3,1.6,9,33,3.4,6.2,11,9,346,6.2,11.9,2.024,21.5449,7.86641525090423,5.54074431528816,1.3512364201677,0.0229357798165138,1.43608728831591,10,0.796343562264913,0.625,33107.3245960153,12307.705113296,0,45441.3035966823,394776.294067837,0,0,0,0,0.0681736002275026,0.0253436536582246,0,0.0935713562789561,0.812911389835317,0,0,0,0,485632.627373831,2
2016-10-07,2016,1,0,1,3,0.1,12,40,3.6,0.1,12,9,92,0.1,3.6,0.678,19.6418,1.27428464038847,3.49293747268053,0.783567747446709,1.77944862155388,1.88988229375122,13,0.484979394047089,0.466666666666667,18661.8942737929,10120.7652714212,0,86370.5667557837,306135.937624346,0,351118.030460699,0,0,0.0241606945267082,0.0131028884052095,0,0.111819992593979,0.396340090886494,0,0.454576333587609,0,0,772407.194386043,1.6
2017-01-01,NA,NA,NA,NA,NA,NA,NA,NA,NA,NA,NA,NA,NA,NA,NA,NA,NA,NA,NA,NA,NA,NA,NA,NA,NA,NA,NA,NA,NA,NA,NA,NA,NA,NA,NA,NA,NA,NA,NA,NA,NA,NA,NA,NA,NA
2017-05-01,2017,1,0,1,0,0.1,NA,NA,NA,0.1,8,0.1,19,0.1,2.9,9,9.3,22.7848624287458,1.62531010039974,0.867684100937196,15.4356846473029,NA,NA,NA,NA,NA,NA,NA,NA,NA,NA,NA,NA,NA,NA,NA,NA,NA,NA,NA,NA,NA,NA,NA,NA
2017-05-08,2017,1,0,1,0,9,2,19,2.5,3.8,11,8,25,5,3.7,9,9.6,8.99267053420527,4.08775313416038,1.0811043944451,0.627184466019417,NA,NA,NA,NA,NA,NA,NA,NA,NA,NA,NA,NA,NA,NA,NA,NA,NA,NA,NA,NA,NA,NA,NA,NA
2017-05-15,2017,1,0,1,0,8,6,24,2.5,3.8,12,9,26,6.2,2.8,8,9.9,15.9209080183944,4.01506232631761,0.972246005249675,1.58096085409253,1.24342137525132,9,0.369106058296732,0.222222222222222,4112.33516712057,28169.598703155,0,74566.6912393795,260049.297264198,0,39435.0400837798,0,0,0.0101206043985402,0.0693263931451099,0,0.183511302623287,0.639990651241622,0,0.0970510485914407,0,0,406332.962457633,7
2017-05-22,2017,1,0,1,0,5,3,19,2.3,6.2,11,NA,NA,3.8,2.5,5,10.9,23.1370573587243,2.51047438892007,0.831441559485452,7.32409381663113,1.69415913948394,11,0.435179532857674,0.181818181818182,8031.90462328235,20890.6626489724,0,43675.0937195815,89206.188060393,0,17340.3466213584,0,0,0.0448348582720313,0.116613672971222,0,0.243798542036831,0.497957456701151,0,0.0967954700187644,0,0,179144.195673588,3.8
2017-05-29,2017,1,1,1,1,3.8,9,8,2.4,3.8,9,9,61,8,3.7,3.8,13.8,28.2272194461423,3.92699534264093,1.36712864006326,0.731452455590387,0.881232997332859,7,0.406751088512741,0.363636363636364,28215.6547588966,4556.04005462239,0,4837.95670735899,154418.185525377,0,15763.4031626066,0,0,0.135788470825505,0.0219260448613853,0,0.0232827750702874,0.743140978273018,0,0.0758617309698041,0,0,207791.240208862,3
2017-06-05,2017,1,1,1,1,5,4,24,3.7,NA,NA,9,83,5,3.7,-0.1,NA,NA,NA,NA,NA,NA,NA,NA,NA,NA,NA,NA,NA,NA,NA,NA,NA,NA,NA,NA,NA,NA,NA,NA,NA,NA,NA,NA,NA
2017-06-12,2017,1,1,1,1,5,5,15,2.5,NA,NA,NA,NA,NA,NA,5,15.1,26.257021143236,5.1059134415866,0.844670387833618,1.02808691043985,1.42103441276369,14,0.901429167252865,0.571428571428572,17410.0251916459,7884.70732446178,8473.90276861207,168452.972338971,1570.16433653694,2930.97342820229,20346.1894728457,0,0,0.076672862372311,0.0347238486377664,0.0373186353024867,0.741858292689332,0.00691492360016665,0.0129078573869778,0.0896035800109596,0,0,227068.934861276,5
2017-06-19,2017,1,0,1,1,1.6,8,14,2.7,1.6,8,9,42,9,2.8,1.6,24,33.3891218767201,2.44564920432892,0.790306260413362,12.2409435551811,1.42016268181698,11,0.628611758343769,0.684210526315789,26310.8384738145,30589.4132316519,0,123366.199699398,292088.886082656,0,61081.8850156308,0,0,0.0493232143612908,0.0573439796497725,0,0.231266575512865,0.547560000991364,0,0.114506229484708,0,0,533437.222503151,2
2017-06-26,2017,1,0,1,1,3.8,5,12,2.5,1.6,9,9,63,1.6,3.2,3.8,18.4,29.0855239660882,3.03227105474227,0.791434036710635,8.0969453606769,1.65770068256961,12,0.518876306369687,0.647058823529412,7386.56509323064,10813.7965554602,5702.43809840718,103656.119937986,120423.738213674,10075.2211594454,12096.3577397302,0,0,0.0273420294302308,0.0400282323299213,0.0211080831675885,0.383692372056032,0.445759206448229,0.0372943296350423,0.0447757469329563,0,0,270154.236797933,4
2017-07-05,2017,1,0,1,1,3.8,12,14,3.1,NA,NA,9,92,0.1,3.9,2.8,22.4,33.0390201025963,3.25957948508248,0.719863911759857,25.3191489361702,1.10822163322269,14,0.81641782239357,0.470588235294118,50390.3714511062,86180.8373189566,10267.130133911,21820.7357859362,1192500.61444715,15695.4125545102,168066.409094775,0,0,0.0326167841532986,0.0557833111373352,0.00664572928930556,0.0141241711204019,0.77188427122112,0.0101593591939318,0.108786373884607,0,0,1544921.51078634,3
2017-07-10,2017,1,1,1,2,3.8,9,7,2.9,0.1,20,9,124,0.1,4.4,3.168,19.4333,34.942571170919,2.11680342385753,1.05620819636479,10.9810565224087,1.78530415557059,10,0.730504205708225,0.588235294117647,40144.2772189672,39644.9808864097,12090.2653913345,0,126672.191613896,0,82102.7716115621,54831.1355616075,0,0.112927991183061,0.11152344399111,0.0340105608594293,0,0.356335625615756,0,0.230959471958675,0.154242906391969,0,355485.622283777,3
2017-07-17,2017,1,1,1,2,1.6,16,48,4.7,0.1,18,8,171,1.6,4.7,2.8,24.8,32.2792981342516,5.19215904551091,1.35320229562958,0.142365097588978,0.86102630691928,12,0.940164288765559,0.428571428571429,119299.072137986,340227.196159774,0,69731.4966504744,4489436.30194552,5373.45128503754,986407.742262475,0,0,0.0198485256104735,0.0566057061076392,0,0.0116016610382579,0.746935326644356,0.000894014375269726,0.164114766224004,0,0,6010475.26044126,2
2017-07-24,2017,1,1,1,2,1.6,16,20,6.5,0.1,18,9,195,0.1,6.9,-0.1,NA,NA,NA,NA,NA,0.457226013185139,13,0.463837899658144,0.4375,118883.71229812,592757.338982731,0,116281.172487438,10492158.0933832,202209.394931842,14275.6777944328,0,0,0.0103049485076753,0.0513807462577048,0,0.0100793579854766,0.909469823886152,0.0175276946039123,0.00123742875907922,0,0,11536565.3898778,0.1
2017-07-31,2017,1,0,1,2,1.6,16,89,5.9,1.6,16,9,281,1.6,5.9,2.8,23.6,23.7020144695397,3.52254994767136,0.361271033173989,5.08447043534763,NA,NA,NA,NA,NA,NA,NA,NA,NA,NA,NA,NA,NA,NA,NA,NA,NA,NA,NA,NA,NA,NA,NA,NA
2017-08-07,2017,1,0,1,2,5,9,96,2,1.6,12,8,358,0.1,3.6,5,17.6,23.1830171345293,3.52595428638924,1.09121355400782,5.05365178262374,1.82114034598666,17,0.932645902591732,0.619047619047619,45141.4928107958,23649.4804835517,0,160556.434390672,9467.52284597471,23894.5487815045,4031.70114423585,40128.6503648998,0,0.147103065459159,0.0770668150082756,0,0.523206970071927,0.0308519179634756,0.0778654216920822,0.0131381476420836,0.130767662162998,0,306869.830821635,5
2017-08-14,2017,1,0,1,2,5,7,146,2.1,NA,NA,9,377,0.1,3.7,0.1,19,NA,NA,NA,NA,1.95959343423433,17,0.510572417445149,0.583333333333333,84125.4711135315,11711.3769723792,24603.7146750803,102472.65596799,89566.3084582477,10402.0990829857,9258.0263505945,156419.662566031,38443.304179813,0.159630081563224,0.0222226162489549,0.0466861335616298,0.194444301038087,0.169954199783462,0.0197382303250919,0.0175673251144761,0.296810028675028,0.0729470836900466,527002.619366653,5
2017-08-21,2017,1,0,1,2,5,7,164,2.5,NA,NA,8,359,0.1,3.6,5,17.8,33.0409798436165,3.63056840129449,1.30993985677198,2.79344073647871,1.10168765631518,17,0.692711737360047,0.454545454545455,50847.6011210636,8736.46092821226,0,939764.540174282,23310.3153046683,3693.03824812004,283102.828987326,123568.737246005,0,0.0354827400528323,0.00609652304657234,0,0.655791426826234,0.0162665266456882,0.00257709534519078,0.197556302907228,0.0862293851762543,0,1433023.52200968,5
2017-08-28,2017,1,0,1,2,5,6,6,2,1.6,9,8,401,6.2,6.7,5,17.5,10.3695591612238,4.45300136033483,1.14878604170034,0.703054806828392,1.28834642308754,16,0.265448673469215,0.428571428571429,70756.4441013004,26145.0846772284,0,923670.902510221,177932.888121138,87181.505542956,34877.5589518372,5483.11355616075,0,0.0533589062509353,0.019716552180289,0,0.696559440200216,0.134182891986787,0.0657453867300334,0.026301892668718,0.00413492998302096,0,1326047.49746084,5
2017-09-04,2017,1,0,1,2,5,7,111,2.6,0.1,8,8,419,0.1,3.4,5,17.7,12.8034866409427,4.68038329910099,1.35459511933668,0.359570269677702,2.07943049775254,15,0.54676114813306,0.523809523809524,254077.030288843,63219.2483724352,0,351010.921264325,165117.539220083,31642.1344803443,254753.452026498,0,0,0.226890889965575,0.056454814155652,0,0.313452893489666,0.14745002875695,0.028256438783522,0.227494934848634,0,0,1119820.32565253,5
2017-09-11,2017,1,0,1,2,5,9,140,2.4,0.1,10,6.2,298,1.6,3.5,5,17.5,6.54775864385734,4.89142236639252,1.32184252111923,0.895424836601307,NA,NA,NA,NA,NA,NA,NA,NA,NA,NA,NA,NA,NA,NA,NA,NA,NA,NA,NA,NA,NA,NA,NA,NA
2017-09-18,2017,1,0,1,2,5,5,16,2.7,NA,NA,8,509,0.1,3.4,5.42,15.509,19.3931360162461,4.4233537550861,1.00277060092197,2.29493891797557,NA,NA,NA,NA,NA,NA,NA,NA,NA,NA,NA,NA,NA,NA,NA,NA,NA,NA,NA,NA,NA,NA,NA,NA
2017-09-25,2017,1,0,1,2,5,8,69,1.9,5,8,9,393,1.6,3.2,5,17.6,12.9222441517907,4.58485558437593,0.945307461066889,1.30874479476502,1.80966233743367,17,0.701381942475935,0.4,18825.3565428186,91838.4578179342,46163.9046687031,136880.474231565,715580.040227349,124274.768750383,447965.74486688,0,0,0.0119032654811182,0.0580694204806637,0.0291894186262425,0.0865494696078529,0.452460975835525,0.0785788870280223,0.283248562940576,0,0,1581528.74710563,4
2018-01-01,NA,NA,NA,NA,NA,NA,NA,NA,NA,NA,NA,NA,NA,NA,NA,NA,NA,NA,NA,NA,NA,NA,NA,NA,NA,NA,NA,NA,NA,NA,NA,NA,NA,NA,NA,NA,NA,NA,NA,NA,NA,NA,NA,NA,NA
2018-05-07,2018,1,0,0,0,3.8,8,12,3.3,0.1,11,8,56,6.2,3.5,3.622,11.2389,25.9538726390488,2.46405691975767,0.672169457896391,4.91302435318111,1.60226967818498,11,NA,NA,27900.1692356228,165741.454548288,257.020947945035,28100.9569753238,13021.0296290694,0,12974.2651435555,0,0,0.112502997568318,0.668326070015659,0.00103639611779658,0.113312642212427,0.0525052322200904,0,0.0523166618657093,0,0,247994.896479804,3.8
2018-05-14,2018,1,0,0,0,3.8,10,13,3.4,9,13,6.2,88,NA,NA,3.949,11.7099,36.7475494751903,3.09516734679439,0.579932498176354,5.77566162294795,2.13923165864396,13,0.780486658148529,0.5,27640.131301902,53826.4613805557,29271.830182629,32941.6967012764,1859.11819013576,16277.9933698522,9990.97540428562,0,0,0.160877829179674,0.313293890131828,0.17037504071384,0.191735292315052,0.0108208928297278,0.0947451445920863,0.058151910237792,0,0,171808.206530637,3.8
2018-05-21,2018,1,0,0,0,1.6,10,15,4.1,6.2,12,8,82,0.1,4.4,2.374,16.569,24.4147680298219,3.1391836344729,NA,NA,1.90450479161655,16,0.708686749311128,0.619047619047619,67614.5605071852,23208.67262985,23050.1658341681,111968.408054354,7512.92001685488,138602.170833754,142651.529278347,0,0,0.131390309484543,0.045099674636462,0.0447916602563665,0.217579818258077,0.0145992945712082,0.269335213960921,0.277204028832423,0,0,514608.427154513,2
2018-05-28,2018,1,0,0,0,1.6,11,23,3.6,0.1,13,0.1,55,0.1,4.5,NA,NA,NA,NA,NA,NA,NA,NA,NA,NA,NA,NA,NA,NA,NA,NA,NA,NA,NA,NA,NA,NA,NA,NA,NA,NA,NA,NA,NA,NA
2018-06-04,2018,1,0,0,0,3.8,5,15,3.2,1.6,8,6.2,22,NA,NA,3.142,14.7713,35.5185676293336,2.55081851482853,0.894840551508274,6.15393408268242,1.46932444725617,11,0.691678287191021,0.333333333333333,22797.3976819745,17382.8843925265,0,99001.6133601172,195801.128354007,0,66397.7636083286,0,0,0.0567974312617723,0.0433077141167082,0,0.246652596408924,0.487818885462411,0,0.165423372750184,0,0,401380.787396954,3
2018-06-11,2018,1,0,0,0,5,8,17,3.3,NA,NA,0.1,18,0.1,3.9,4.438,10.663,40.0999348804267,2.1372614355635,0.800861839240948,11.4320615796519,0.855566291491044,11,0.637398391837627,0.533333333333333,15450.1108456672,3168.02116578177,0,332131.018530156,19967.3704226971,9138.52259360126,28573.6780823262,0,0,0.0378281693403448,0.00775660720690541,0,0.813192121250274,0.0488882621734072,0.0223748284814579,0.0699600115476103,0,0,408428.72164023,5
2018-06-18,2018,1,0,0,0,1.6,11,39,3.5,1.6,11,1.6,39,1.6,3.5,2.51,19.0135,45.9519579263068,2.80218152605628,0.954226760649561,6.08709574127442,NA,NA,NA,NA,NA,NA,NA,NA,NA,NA,NA,NA,NA,NA,NA,NA,NA,NA,NA,NA,NA,NA,NA,NA
2018-06-25,2018,1,0,0,0,1.6,8,18,3.4,6.2,10,6.2,28,0.1,3.8,2.606,18.4814,46.460147403307,2.32340116095013,0.840102020472346,3.1105280207321,NA,NA,NA,NA,NA,NA,NA,NA,NA,NA,NA,NA,NA,NA,NA,NA,NA,NA,NA,NA,NA,NA,NA,NA
2018-07-02,2018,1,0,0,0,1.6,6,34,4.1,9,8,9,38,0.1,4.5,2.293,20.6099,47.3142738536629,2.55339244838678,1.00629024889627,3.04282655246253,1.95054589412392,12,0.751884971736358,0.4,28284.0844007347,131034.079842529,227035.170684781,173500.391668842,12097.1192832797,22275.1488219031,121121.978455591,5848.6544599048,0,0.0392182704655313,0.181689812215835,0.314803428067571,0.2405729381209,0.0167736769974117,0.0308863740745542,0.167945846967853,0.00810965309034447,0,721196.627617565,2
2018-07-09,2018,1,0,0,0,3.8,4,15,3.3,8,8,0.1,19,1.6,4.4,3.065,16.8417,44.0773483579055,2.47944646880228,1.00212066976738,3.02697495183044,1.70455947926443,11,0.345635454892414,0.0833333333333333,34333.4293841599,59076.1520057623,471547.765829825,296528.323242861,16617.2610211397,145704.223460604,187980.433264908,0,0,0.0283328775754311,0.0487512436837739,0.389134011948961,0.244703218722566,0.01371301470887,0.1202390789263,0.155126554434098,0,0,1211787.58820926,3
2018-07-16,2018,1,0,0,0,5,8,26,2.8,6.2,11,6.2,41,1.6,4.2,5.068,11.5415,50.8000562961626,2.47435018887449,1.02950248690163,3.22593661105171,NA,NA,NA,NA,NA,NA,NA,NA,NA,NA,NA,NA,NA,NA,NA,NA,NA,NA,NA,NA,NA,NA,NA,NA
2018-07-23,2018,0,0,0,0,0.1,9,22,4.9,0.1,9,NA,NA,9.5,6.5,0.8,25,36.2165981501247,3.30464181226096,1.04084988251924,1.31144737382167,1.41947301159934,11,0.713623798583395,0.307692307692308,43533.4679426,25197.8128407434,0,115785.873887888,1353653.25462591,508901.47693117,770337.976222981,9992.97445610297,0,0.0153969810648619,0.00891199956080709,0,0.040951318424273,0.478762076969029,0.179989023950972,0.272454270105202,0.00353432992485544,0,2827402.83690739,0.1
2018-07-30,2018,0,0,0,0,1.6,8,18,5.6,NA,NA,9,126,1.6,5.6,2.624,21.5135,41.2916692994842,2.93644652470064,NA,NA,0.857011460839678,16,0.554505971070996,0.3125,119853.791495019,40472.2319364115,0,273701.401849909,4993666.42657473,506642.865941224,302187.547552554,3509.19267594288,0,0.0192072353940452,0.00648589982868714,0,0.0438621689596681,0.800262764641428,0.0811923316355926,0.0484272319347722,0.000562367605806573,0,6240033.4580258,2
2018-08-06,2018,0,0,0,0,1.6,10,24,5.6,1.6,10,9,334,NA,NA,1.189,25.4793,41.7838940043184,3.09067915116649,1.09839271413382,2.24510037292708,0.993917117104481,15,0.784961700468484,0.277777777777778,12057.1482421917,8292.08550099296,0,86860.2008001416,589707.435070934,54394.9138971786,10322.5289014701,14278.941552502,0,0.0155392992458525,0.010686871836014,0,0.111945762437013,0.760017221070981,0.0701043752238874,0.0133037151366025,0.0184027550496496,0,775913.253965411,1
2018-08-13,2018,0,0,0,0,1.6,7,20,5.2,0.1,10,9,208,0.1,5.3,1.8,25.6658,42.5305081774974,2.7285283420794,NA,NA,1.72639514966712,13,0.801187136521148,0.25,6185.63748054385,124450.228384181,0,89353.0469742604,3478.35016218948,308399.435439248,177323.01510807,39971.8978244119,0,0.00825674645716046,0.166119334593392,0,0.119270722922539,0.0046429903900376,0.411659421355132,0.236695276981838,0.0533555072999001,0,749161.611372905,2
2018-08-20,2018,0,0,0,0,3.8,7,9,4.2,1.6,9,9,430,0.1,5.3,3.985,14.7346,40.8132744790177,3.0599189373222,0.97074975225079,7.42300411980848,1.76894931351469,16,0.599619217787214,0.294117647058824,4112.33516712057,35418.6289421501,0,594031.910549414,224299.782409451,534603.571725673,191573.133760312,820218.100129594,0,0.00171043876579268,0.0147316289922688,0,0.247074999150189,0.0932927466757575,0.222357039553048,0.079680789904452,0.341152356958492,0,2404257.46268371,4
2018-08-27,2018,0,0,0,0,3.8,8,9,4.1,0.1,10,9.5,962,0.1,5.9,3.857,15.4696,37.1668723690076,3.24008790570952,0.95839481059175,2.48976637380192,1.78575797388444,17,0.585748170807202,0.35,6711.21528569561,75133.6428964559,0,97168.4485741472,82043.3890633807,316649.807868283,480457.722550207,23131.8853150532,0,0.00620663961886935,0.0694847989312849,0,0.0898629409057709,0.075875043095762,0.292842824907076,0.444335013708739,0.0213927388324975,0,1081296.11155322,3
2018-09-03,2018,0,0,0,0,3.8,8,13,5.4,1.6,15,8,378,0.1,10.5,3.175,20.4009,41.9445465622241,3.15207300760121,1.0685128653468,3.09401709401709,2.18771091825227,16,0.438155390388236,0.35,102721.500246979,58810.2310693134,0,197501.75029291,385898.961873114,555678.981032029,301714.848332877,436078.87501341,0,0.0503930734058379,0.0288511001510355,0,0.0968903313947152,0.189314161749506,0.272604777129429,0.148015152262314,0.213931403907161,0,2038405.14786063,3.8
2018-09-10,2018,0,0,0,0,3.8,5,13,4.2,NA,NA,9,336,1.6,5.4,3.745,16.6675,31.7859396588533,3.28923050012305,0.918025771396483,1.74399349095434,1.7387980994763,15,0.639881324702068,0.368421052631579,18428.5392239018,110606.561770552,0,700210.142989937,488626.293778876,216456.957781766,14804.406601634,23131.8853150532,0,0.0117210150420356,0.0703485587495195,0,0.445351284703363,0.310778628177331,0.137672076299067,0.00941597542582785,0.0147124616028561,0,1572264.78746172,3.8
2018-09-17,2018,0,0,0,0,0.1,10,36,5.1,NA,NA,9,240,3.8,5.5,0.378,22.6343,16.589288733612,4.57187999146082,0.958376673623357,0.46601038446532,NA,NA,NA,NA,NA,NA,NA,NA,NA,NA,NA,NA,NA,NA,NA,NA,NA,NA,NA,NA,NA,NA,NA,NA
2019-01-01,NA,NA,NA,NA,NA,NA,NA,NA,NA,NA,NA,NA,NA,NA,NA,NA,NA,NA,NA,NA,NA,NA,NA,NA,NA,NA,NA,NA,NA,NA,NA,NA,NA,NA,NA,NA,NA,NA,NA,NA,NA,NA,NA,NA,NA
2019-02-27,2019,0,0,0,0,NA,NA,NA,NA,NA,NA,NA,NA,NA,NA,3,5.885766,0.262490831158072,NA,NA,NA,0.663277617203262,12,NA,NA,1104352.54323018,5096.77894378088,137060.354485791,17409.7401354623,481.914277396941,0,23440.3104525872,0,0,0.85752200241195,0.00395761309421919,0.106426403733513,0.0135185410799761,0.000374203055607214,0,0.0182012366247349,0,0,1287841.6415252,4.4
2019-03-07,NA,NA,NA,NA,NA,NA,NA,NA,NA,NA,NA,NA,NA,NA,NA,NA,NA,NA,NA,NA,NA,NA,NA,NA,NA,NA,NA,NA,NA,NA,NA,NA,NA,NA,NA,NA,NA,NA,NA,NA,NA,NA,NA,NA,NA
2019-03-18,2019,0,0,0,0,1.6,9,8,1.6,9,10,8,61,5,2.4,2.8,8.3,1.19057345389935,0.45,NA,NA,NA,NA,NA,NA,NA,NA,NA,NA,NA,NA,NA,NA,NA,NA,NA,NA,NA,NA,NA,NA,NA,NA,NA,NA
2019-03-25,NA,NA,NA,NA,NA,NA,NA,NA,NA,NA,NA,NA,NA,NA,NA,NA,NA,NA,NA,NA,NA,NA,NA,NA,NA,NA,NA,NA,NA,NA,NA,NA,NA,NA,NA,NA,NA,NA,NA,NA,NA,NA,NA,NA,NA
2019-04-01,2019,0,0,0,0,6.2,3,13,3.5,1.6,11,9,81,6.2,3.5,6.2,8,2.86737795407334,4.23870044446593,NA,NA,1.8652482017453,14,NA,NA,39641.7511097281,12813.9592744633,65736.9359781466,11474.903477368,4901.71075349676,0,9843.28545601979,7345.44450814582,0,0.261216895164031,0.0844368011687615,0.433169520344277,0.0756131748662695,0.0322995233100677,0,0.064861727674885,0.0484023574717079,0,151757.990557368,6.2
2019-04-08,NA,NA,NA,NA,NA,NA,NA,NA,NA,NA,NA,NA,NA,NA,NA,NA,NA,NA,NA,NA,NA,NA,NA,NA,NA,NA,NA,NA,NA,NA,NA,NA,NA,NA,NA,NA,NA,NA,NA,NA,NA,NA,NA,NA,NA
2019-04-15,2019,0,0,0,0,3.8,6,14,2.8,1.6,18,8,73,0.1,4.9,3,10.99102,9.93295592053237,2.50714111342946,NA,NA,1.51132665369366,7,NA,NA,0,34898.2776579527,0,32655.3681729099,16627.2420012849,0,54492.5875689743,0,0,0,0.251657914803153,0,0.235483880954538,0.119902107834173,0,0.392956096408135,0,0,138673.475401122,3.8
2019-04-22,2019,0,0,0,0,3.8,2,12,2.3,1.6,17,9,92,0.1,5.8,4,9.807214,10.6816156189132,2.57625307193019,NA,NA,1.36128590511569,5,0.506813658642319,0.285714285714286,0,55215.2027429731,0,3490.8927844492,17269.108981953,0,23131.8853150532,0,0,0,0.557126668140379,0,0.0352234415381728,0.174246958643885,0,0.233402931677563,0,0,99107.0898244285,3.8
2019-04-29,2019,0,0,0,0,6.2,0,20,1.8,1.6,12,8,82,0.1,3.1,6,8.687434,15.9475677486229,2.5049924654734,NA,NA,1.58510351622317,7,0.305866122418135,0.285714285714286,2945.24311274043,13983.1732687601,0,6374.16063238855,20829.7629632511,0,23515.3194460355,0,0,0.0435379899002302,0.206705943531426,0,0.0942258858139415,0.307915501302843,0,0.34761467945156,0,0,67647.6594231756,6
2019-05-06,2019,0,0,0,0,6.2,3,48,0.8,1.6,10,9,191,3.8,4.1,7,8.59643,26.9306853529169,2.0515751227689,NA,NA,1.62128681205592,10,0.543580855540682,0.3,8758.14645402464,25381.4877658648,1082.19346503173,58723.4247241717,16336.7812752704,0,7917.61597509613,0,0,0.0740962133073779,0.214734035498333,0.00915564020832208,0.49681555650425,0.138213449213578,0,0.0669851052681398,0,0,118199.649659459,6.2
2019-05-13,2019,0,0,0,0,3.8,5,20,0.8,1.6,10,9,311,8,3,3,14.2535,26.7023816039648,2.60009357438786,NA,NA,1.06954323581587,11,0.556053389551593,0.25,2945.24311274043,21565.4229563745,2248.07655802591,196675.719235674,15535.0600408756,0,53370.3792791108,0,0,0.0100747215854696,0.0737683185535782,0.00768994088364345,0.672763856182233,0.0531404025862396,0,0.182562760208837,0,0,292339.901182801,3
2019-05-20,2019,0,0,0,0,3.8,4,29,2.2,1.6,12,9,64,8,4.4,4,11.47634,31.7212664032998,2.11237748304479,NA,NA,1.10043020308618,8,0.457080702289413,0.416666666666667,7315.32358060427,27049.8715221756,7018.38535188576,165981.37901069,268946.719929685,0,12184.6967914683,0,0,0.0149751849496039,0.0553737404018078,0.0143673232679338,0.339780164402525,0.550560317415744,0,0.024943269562385,0,0,488496.376186509,5
2019-05-27,2019,0,0,0,0,5,4,9,1.4,1.6,8,9,26,0.1,2.6,5,10.65103,41.3296313436925,2.26511582723987,NA,NA,1.87254337121798,11,0.571624380678056,0.416666666666667,88102.4443088966,18624.6898175341,4556.06120860987,117738.212002245,33555.1556748408,0,26632.6534154801,0,0,0.304632215380833,0.0643986732082452,0.0157535132001933,0.407103941764307,0.116023811721229,0,0.0920878447251927,0,0,289209.216427607,4.5
2019-06-03,2019,0,0,0,0,5,4,18,3.8,1.6,10,9,27,8,4.4,5.238,10.0708,38.1926543490441,2.46455715932695,0.786350365413824,8.41408914500764,1.36326730060273,12,0.435228943070736,0.357142857142857,46126.5759622991,17822.2608987553,856.736493150118,212200.778305887,138482.886752785,0,14483.1304167027,0,0,0.107278000416305,0.0414497818714932,0.00199253848679213,0.493521895101109,0.32207392100508,0,0.0336838631192209,0,0,429972.368829579,5
2019-06-10,2019,1,0,0,0,0.1,6,16,5,1.6,11,6.2,63,0.1,5,0.559,21.5969,28.3893396922416,3.08659569378658,0.830974824221333,8.97629002841226,0.382443578265175,9,0.922075120499152,0.5,0,13136.8546913666,18642.5860909466,62050.4785484137,1610561.79874304,0,39965.5812775952,0,0,0,0.0075310572531508,0.0106873666867899,0.0355721150543452,0.92329811062328,0,0.0229113503824339,0,0,1744357.29935136,0.1
2019-06-17,2019,1,0,0,0,3.8,4,10,1.5,1.6,12,9,30,0.1,2.8,2.997,17.9986,33.6857459793583,3.16262454072323,0.925217807520823,5.48041318582073,0.854566392019524,11,0.30342052523052,0.333333333333333,88357.2933822129,25965.9010954744,7425.04960730102,32928.3815353937,950050.518511042,0,45442.2174489416,0,0,0.0768211155101606,0.0225757196834008,0.00645561415155311,0.0286291590050262,0.826009238505228,0,0.0395091531446314,0,0,1150169.36158037,3
2019-06-24,2019,0,0,0,0,3.8,NA,NA,1.2,1.6,12,9,215,1.6,3,2.742,18.7163,35.1083925671281,2.84354030806046,0.913889466507586,4.95332925404684,0.489957860446133,13,0.419017374649604,0.285714285714286,3534.29173528852,38290.6952460203,2056.16758356028,43749.2832921705,2264686.96515511,32898.6813369645,36367.2583569358,0,0,0.00145949622008015,0.0158122557959255,0.000849100482027009,0.0180663958661369,0.935209177076841,0.0135856077124322,0.0150179668465577,0,0,2421583.34270605,2.5
2019-07-01,2019,0,0,0,0,3.8,7,12,5,1.6,11,9,424,9,5.1,NA,NA,NA,NA,NA,NA,0.510220897888033,18,0.397094473336528,0.277777777777778,39312.9929242411,55932.7684678517,10425.5311922001,115488.956574805,5140558.77829638,130737.988854708,10527.5780278286,0,0,0.00714394021104292,0.010164078693842,0.00189452305625694,0.0209866036502502,0.93414013617001,0.0237576512551432,0.00191306696345477,0,0,5502984.59433802,3
2019-07-08,2019,0,0,0,0,1.6,11,13,3.6,1.6,11,8,175,1.6,3.6,NA,NA,NA,NA,NA,NA,1.14644667795567,12,0.630984776026916,0.421052631578947,50357.5851500511,51747.7683383281,0,89857.2649583624,1074441.4607299,287863.461698439,26647.9318829413,0,0,0.0318534330378832,0.032732786306437,0,0.0568387535619472,0.679632452996021,0.182086561020395,0.0168560130773166,0,0,1580915.47275802,2.4
2019-07-15,2019,1,0,0,0,0.1,NA,NA,3.6,1.6,13,9,153,3.8,5.4,NA,NA,NA,NA,NA,NA,NA,NA,NA,NA,NA,NA,NA,NA,NA,NA,NA,NA,NA,NA,NA,NA,NA,NA,NA,NA,NA,NA,NA,NA
2019-07-22,2019,1,0,0,0,0.1,10,11,5.5,1.6,13,9,343,0.1,5.5,0.302,27.4231,50.1824767826541,2.60621915002976,0.965086105839797,4.10111658661344,1.63419770658347,15,0.597529923585232,0.5,84198.3353660234,212038.455298318,0,16198.4196843685,385505.377128161,57572.6923396879,39178.3694458675,822.467033424113,0,0.105841409525296,0.266542668388629,0,0.0203622026970346,0.484599040081386,0.0723716790944747,0.0492491190832585,0.00103388112992107,0,795514.11629585,0.3
2019-07-29,2019,0,0,0,0,3.8,6,17,3.7,1.6,14,9,725,NA,NA,3.213,18.8746,43.46467321625,2.95483938461223,1.13879678443204,0.308199312714777,1.64398093047685,13,0.378277319183969,0.526315789473684,131125.085337821,450591.751321155,42262.8112070953,22206.6099024511,640984.267924446,252737.265479285,16836.5855633861,0,0,0.0842303253490978,0.28944491983071,0.0271482022602303,0.0142647760507839,0.411746640940843,0.16234988175082,0.0108152538175156,0,0,1556744.37673564,3.2
2019-08-05,2019,0,0,0,0,1.6,11,11,4.7,1.6,11,9,713,0.1,6.6,2.231,23.386,43.5903452995471,3.11824203967778,1.01842365501809,3.04320948716331,NA,NA,NA,NA,NA,NA,NA,NA,NA,NA,NA,NA,NA,NA,NA,NA,NA,NA,NA,NA,NA,NA,NA,NA
2019-08-12,2019,1,0,0,0,1.6,13,21,4.8,1.6,13,8,375,1.6,4.8,2.336,22.8012,39.1079606280001,3.09794668228077,1.07868449520867,0.981027840372174,1.05165207583014,14,0.845157922377772,0.533333333333333,64266.9954565344,163716.463032467,0,224804.427619485,2127346.96488418,14358.903625196,100324.528737073,23131.8853150532,0,0.0236453913678569,0.0602352702855404,0,0.0827110188445771,0.782702710817242,0.00528299002340519,0.0369118352107856,0.00851078345059309,0,2717950.16866998,2
2019-08-19,2019,1,0,0,0,1.6,13,17,6.2,1.6,13,9,429,1.6,6.2,2.289,22.7749,47.4539223410482,2.60377199561584,1.09322757649337,0.704192810216284,0.820077146719281,13,0.112006732353572,0.411764705882353,22266.5416097382,93062.1448319384,0,179109.74249148,1885302.45622861,0,35438.0483026614,14725.1584760177,0,0.00998542569172201,0.0417336983990896,0,0.080321724660194,0.845463472192669,0,0.0158921849736701,0.00660349408265536,0,2229904.09194044,2
2019-08-28,2019,0,0,0,0,3.8,9,27,2.6,9,10,9,1063,1.6,5.3,3.116,19.3102,31.2159811862842,3.27108645835892,0.839538508451652,0.345672011135743,0.335505096874754,11,0.405321119946479,0.5,13113.3136706651,29568.5976115078,0,180618.658788045,4394304.28174613,45208.2712705454,0,0,0,0.00281231808449226,0.00634136450056414,0,0.0387359849130027,0.942414839657352,0.00969549284458915,0,0,0,4662813.1230869,3.8
2019-09-02,2019,0,0,0,0,3.8,12,24,NA,3.8,12,9,1653,NA,NA,3.258,19.8215,33.3536741198901,3.3008040233064,1.15545010444664,0.458670298799694,1.52695634856759,13,0.677349175263804,0.5,8358.70199894728,8909.77394993018,0,562916.030667904,943077.254614462,0,101666.063853814,58372.313066628,0,0.00496566346636518,0.00529303939802047,0,0.334412157350621,0.560254961809716,0,0.0603968725181989,0.0346773054570782,0,1683300.13815169,3.25
2019-09-11,2019,1,0,0,0,3.8,3,43,2.4,6.2,8,9,689,0.1,5.2,3.493,18.8029,33.5160068693063,3.39996488180051,1.09732453575816,0.824813498222601,0.602990624351674,14,0.458486077317596,0.2,4587.04953807138,9143.05347310316,0,191859.845768163,2098386.35165774,0,11809.4271688799,21494.2763452214,0,0.00196255884203731,0.00391183489254466,0,0.0820868040815921,0.89778988743771,0,0.00505263688942532,0.00919627785669037,0,2337280.00395118,3.8
2019-09-27,2019,1,0,0,0,3.8,4,109,2.5,5,12,8,1006,0.1,5,3.593,18.0379,23.1894898190865,3.57251510971194,0.933372984431073,0.928889361777589,NA,NA,NA,NA,NA,NA,NA,NA,NA,NA,NA,NA,NA,NA,NA,NA,NA,NA,NA,NA,NA,NA,NA,NA
2019-10-04,2019,1,0,0,0,5,4,823,1.9,1.6,13,9,1095,NA,NA,4.781,13.1086,29.9049305474126,3.71327780268441,1.06697809714524,0.223933606996252,NA,NA,NA,NA,NA,NA,NA,NA,NA,NA,NA,NA,NA,NA,NA,NA,NA,NA,NA,NA,NA,NA,NA,NA
2019-10-11,2019,1,0,0,0,1.6,9,14,5.6,NA,NA,9,1153,1.6,5.6,2.393,19.1719,13.14232343161,4.16163096116918,0.855849096664299,0.135827423951223,0.315152879832271,12,0.0678946484978195,0.5,14590.1019501745,17310.1894967995,0,612832.752072873,9525597.66429358,0,86744.5699314494,19739.2088021787,0,0.00141971055031438,0.00168439252449867,0,0.0596325595713639,0.926901782333732,0,0.00844080332918367,0.00192075169090757,0,10276814.4865471,2.5
2019-10-16,2019,1,0,0,0,0.1,5,48,4.3,6.2,8,8,1188,1.6,5.2,0.1,17.42111,6.85169852154251,4.49710770556215,NA,NA,0.260637892707479,11,0.456052739712544,0.466666666666667,43622.198578238,21881.8712836178,0,102694.304713951,3709267.10311634,0,0,16177.2411582578,0,0.0112034415399874,0.0056198970639192,0,0.0263748659364081,0.952647012310235,0,0,0.00415478314944985,0,3893642.71885041,0.1
2019-10-23,2019,1,0,0,0,1.6,5,66,3.8,3.8,7,9,1173,3.8,5,NA,NA,NA,NA,NA,NA,0.336960349934584,9,0.344626444736273,0.461538461538462,17858.9284884087,24590.2233034558,0,506602.787017241,7241832.77374846,64136.6119333611,0,0,0,0.00227356842848114,0.00313051006326191,0,0.0644941326177843,0.921936742701051,0.00816504618942174,0,0,0,7855021.32449093,1.6
2019-10-30,2019,1,0,0,0,0.1,11,9,7,0.1,11,9,538,0.1,7,0.845,15.2948,3.62762061544525,1.74516380124769,0.440493341948318,1.43824794681267,0.161527444143114,8,0.459533539242559,0.3,116737.712489432,58032.2932446348,0,443662.719631336,20110373.4121342,0,0,0,0,0.00563166598766374,0.00279959650641197,0,0.0214031969177774,0.970165540588147,0,0,0,0,20728806.1374996,0.85
2019-11-08,2019,1,0,0,0,1.6,4,73,3.4,9,9,0.1,99,8,4.9,2.131,11.6757,0,NA,0.835082407126882,NA,NA,NA,NA,NA,NA,NA,NA,NA,NA,NA,NA,NA,NA,NA,NA,NA,NA,NA,NA,NA,NA,NA,NA,NA
2019-11-20,2019,1,0,0,0,5,7,13,3.6,9,12,5,13,9,5.7,5.23,7.3884,0.695428499423418,NA,1.02203352051468,NA,0.637760596664155,10,0.0373982076758298,0.3,26684.6858784974,9139.26224277368,0,1089349.55386561,3450698.13513657,0,18407.7694546277,0,0,0.00580824184099259,0.00198927001037162,0,0.237109992114516,0.75108582429616,0,0.00400667173795993,0,0,4594279.40657808,5
